Workbook
Name weights_base: Assumptions!$C$7:$C$13
Name weights_growth_weighted: Assumptions!$D$7:$D$13
Name weights_feasibility_weighted: Assumptions!$E$7:$E$13
Name weights_fit_weighted: Assumptions!$F$7:$F$13

Sheet Raw Data
A1: segment_id | B1: segment_name | C1: year | D1: market_size_usd_bn | E1: cagr_pct | F1: design_services_addressable_pct | G1: serviceable_market_usd_bn | H1: competitive_intensity | I1: customer_demand | J1: entry_feasibility | K1: strategic_fit | L1: talent_availability | M1: design_cycle_months
A2: ANLG | B2: Analog & mixed-signal | C2: 2021 | D2: 77.129 | E2: 7.4 | F2: 0.225 | G2: =D2*F2 | H2: 58.7 | I2: 72.4 | J2: 79.6 | K2: 89.3 | L2: 79.8 | M2: 15
A3: ANLG | B3: Analog & mixed-signal | C3: 2022 | D3: 80.517 | E3: 7.22 | F3: 0.2283 | G3: =D3*F3 | H3: 59.3 | I3: 73.8 | J3: 79.8 | K3: 88.4 | L3: 80.1 | M3: 15.2
A4: ANLG | B4: Analog & mixed-signal | C4: 2023 | D4: 81.978 | E4: 7.04 | F4: 0.2317 | G4: =D4*F4 | H4: 58.1 | I4: 76.1 | J4: 78.3 | K4: 88.3 | L4: 80.3 | M4: 15.4
A5: ANLG | B5: Analog & mixed-signal | C5: 2024 | D5: 91.35 | E5: 6.87 | F5: 0.235 | G5: =D5*F5 | H5: 60.7 | I5: 75.9 | J5: 79.1 | K5: 89 | L5: 82.5 | M5: 15.7
A6: ANLG | B6: Analog & mixed-signal | C6: 2025 | D6: 100.909 | E6: 6.69 | F6: 0.2383 | G6: =D6*F6 | H6: 60.1 | I6: 77.7 | J6: 81.3 | K6: 89.3 | L6: 83.9 | M6: 15.9
A7: ANLG | B7: Analog & mixed-signal | C7: 2026 | D7: 105.771 | E7: 6.51 | F7: 0.2417 | G7: =D7*F7 | H7: 60.4 | I7: 78.6 | J7: 81.5 | K7: 89.7 | L7: 81.9 | M7: 16.1
A8: ANLG | B8: Analog & mixed-signal | C8: 2027 | D8: 110.091 | E8: 6.33 | F8: 0.245 | G8: =D8*F8 | H8: 61.1 | I8: 79.6 | J8: 81.3 | K8: 91.1 | L8: 85.2 | M8: 16.3
A9: ANLG | B9: Analog & mixed-signal | C9: 2028 | D9: 120.488 | E9: 6.16 | F9: 0.2483 | G9: =D9*F9 | H9: 62.2 | I9: 78.8 | J9: 81 | K9: 90.6 | L9: 83.8 | M9: 16.6
A10: ANLG | B10: Analog & mixed-signal | C10: 2029 | D10: 128.095 | E10: 5.98 | F10: 0.2517 | G10: =D10*F10 | H10: 62.2 | I10: 78.3 | J10: 81.2 | K10: 91.1 | L10: 85 | M10: 16.8
A11: ANLG | B11: Analog & mixed-signal | C11: 2030 | D11: 132.073 | E11: 5.8 | F11: 0.255 | G11: =D11*F11 | H11: 63.3 | I11: 79.8 | J11: 82.7 | K11: 90.3 | L11: 85.1 | M11: 17
A12: AUTO | B12: Automotive & ADAS silicon | C12: 2021 | D12: 62.619 | E12: 10.8 | F12: 0.205 | G12: =D12*F12 | H12: 55.4 | I12: 82.7 | J12: 70.2 | K12: 86.5 | L12: 75.2 | M12: 17
A13: AUTO | B13: Automotive & ADAS silicon | C13: 2022 | D13: 68.238 | E13: 10.51 | F13: 0.2094 | G13: =D13*F13 | H13: 56.6 | I13: 83.5 | J13: 68.8 | K13: 84.7 | L13: 74.8 | M13: 17.3
... A81: RF5G | B81: RF & 5G front-end | C81: 2030 | D81: 51.908 | E81: 6.4 | F81: 0.17 | G81: =D81*F81 | H81: 76 | I81: 64.9 | J81: 58.6 | K81: 71.2 | L81: 68.2 | M81: 12.5
A83: Illustrative dataset constructed to be directionally consistent with publicly reported industry estimates. Figures are for methodology demonstration and are not market research.

Sheet Normalization
A1: segment_id | B1: segment_name | C1: year | D1: norm_serviceable_market_size | E1: norm_cagr | F1: norm_design_services_addressability | G1: norm_strategic_fit | H1: norm_customer_demand | I1: norm_competitive_intensity | J1: norm_entry_feasibility
A2: ='Raw Data'!A2 | B2: ='Raw Data'!B2 | C2: ='Raw Data'!C2 | D2: =IFERROR(('Raw Data'!G2-MINIFS('Raw Data'!$G$2:$G$81,'Raw Data'!$C$2:$C$81,$C2))/(MAXIFS('Raw Data'!$G$2:$G$81,'Raw Data'!$C$2:$C$81,$C2)-MINIFS('Raw Data'!$G$2:$G$81,'Raw Data'!$C$2:$C$81,$C2))*100,50) | E2: =IFERROR(('Raw Data'!E2-MINIFS('Raw Data'!$E$2:$E$81,'Raw Data'!$C$2:$C$81,$C2))/(MAXIFS('Raw Data'!$E$2:$E$81,'Raw Data'!$C$2:$C$81,$C2)-MINIFS('Raw Data'!$E$2:$E$81,'Raw Data'!$C$2:$C$81,$C2))*100,50) | F2: =IFERROR(('Raw Data'!F2-MINIFS('Raw Data'!$F$2:$F$81,'Raw Data'!$C$2:$C$81,$C2))/(MAXIFS('Raw Data'!$F$2:$F$81,'Raw Data'!$C$2:$C$81,$C2)-MINIFS('Raw Data'!$F$2:$F$81,'Raw Data'!$C$2:$C$81,$C2))*100,50) | G2: =IFERROR(('Raw Data'!K2-MINIFS('Raw Data'!$K$2:$K$81,'Raw Data'!$C$2:$C$81,$C2))/(MAXIFS('Raw Data'!$K$2:$K$81,'Raw Data'!$C$2:$C$81,$C2)-MINIFS('Raw Data'!$K$2:$K$81,'Raw Data'!$C$2:$C$81,$C2))*100,50) | H2: =IFERROR(('Raw Data'!I2-MINIFS('Raw Data'!$I$2:$I$81,'Raw Data'!$C$2:$C$81,$C2))/(MAXIFS('Raw Data'!$I$2:$I$81,'Raw Data'!$C$2:$C$81,$C2)-MINIFS('Raw Data'!$I$2:$I$81,'Raw Data'!$C$2:$C$81,$C2))*100,50) | I2: =100-IFERROR(('Raw Data'!H2-MINIFS('Raw Data'!$H$2:$H$81,'Raw Data'!$C$2:$C$81,$C2))/(MAXIFS('Raw Data'!$H$2:$H$81,'Raw Data'!$C$2:$C$81,$C2)-MINIFS('Raw Data'!$H$2:$H$81,'Raw Data'!$C$2:$C$81,$C2))*100,50) | J2: =IFERROR(('Raw Data'!J2-MINIFS('Raw Data'!$J$2:$J$81,'Raw Data'!$C$2:$C$81,$C2))/(MAXIFS('Raw Data'!$J$2:$J$81,'Raw Data'!$C$2:$C$81,$C2)-MINIFS('Raw Data'!$J$2:$J$81,'Raw Data'!$C$2:$C$81,$C2))*100,50)
A3: ='Raw Data'!A3 | B3: ='Raw Data'!B3 | C3: ='Raw Data'!C3 | D3: =IFERROR(('Raw Data'!G3-MINIFS('Raw Data'!$G$2:$G$81,'Raw Data'!$C$2:$C$81,$C3))/(MAXIFS('Raw Data'!$G$2:$G$81,'Raw Data'!$C$2:$C$81,$C3)-MINIFS('Raw Data'!$G$2:$G$81,'Raw Data'!$C$2:$C$81,$C3))*100,50) | E3: =IFERROR(('Raw Data'!E3-MINIFS('Raw Data'!$E$2:$E$81,'Raw Data'!$C$2:$C$81,$C3))/(MAXIFS('Raw Data'!$E$2:$E$81,'Raw Data'!$C$2:$C$81,$C3)-MINIFS('Raw Data'!$E$2:$E$81,'Raw Data'!$C$2:$C$81,$C3))*100,50) | F3: =IFERROR(('Raw Data'!F3-MINIFS('Raw Data'!$F$2:$F$81,'Raw Data'!$C$2:$C$81,$C3))/(MAXIFS('Raw Data'!$F$2:$F$81,'Raw Data'!$C$2:$C$81,$C3)-MINIFS('Raw Data'!$F$2:$F$81,'Raw Data'!$C$2:$C$81,$C3))*100,50) | G3: =IFERROR(('Raw Data'!K3-MINIFS('Raw Data'!$K$2:$K$81,'Raw Data'!$C$2:$C$81,$C3))/(MAXIFS('Raw Data'!$K$2:$K$81,'Raw Data'!$C$2:$C$81,$C3)-MINIFS('Raw Data'!$K$2:$K$81,'Raw Data'!$C$2:$C$81,$C3))*100,50) | H3: =IFERROR(('Raw Data'!I3-MINIFS('Raw Data'!$I$2:$I$81,'Raw Data'!$C$2:$C$81,$C3))/(MAXIFS('Raw Data'!$I$2:$I$81,'Raw Data'!$C$2:$C$81,$C3)-MINIFS('Raw Data'!$I$2:$I$81,'Raw Data'!$C$2:$C$81,$C3))*100,50) | I3: =100-IFERROR(('Raw Data'!H3-MINIFS('Raw Data'!$H$2:$H$81,'Raw Data'!$C$2:$C$81,$C3))/(MAXIFS('Raw Data'!$H$2:$H$81,'Raw Data'!$C$2:$C$81,$C3)-MINIFS('Raw Data'!$H$2:$H$81,'Raw Data'!$C$2:$C$81,$C3))*100,50) | J3: =IFERROR(('Raw Data'!J3-MINIFS('Raw Data'!$J$2:$J$81,'Raw Data'!$C$2:$C$81,$C3))/(MAXIFS('Raw Data'!$J$2:$J$81,'Raw Data'!$C$2:$C$81,$C3)-MINIFS('Raw Data'!$J$2:$J$81,'Raw Data'!$C$2:$C$81,$C3))*100,50)
A4: ='Raw Data'!A4 | B4: ='Raw Data'!B4 | C4: ='Raw Data'!C4 | D4: =IFERROR(('Raw Data'!G4-MINIFS('Raw Data'!$G$2:$G$81,'Raw Data'!$C$2:$C$81,$C4))/(MAXIFS('Raw Data'!$G$2:$G$81,'Raw Data'!$C$2:$C$81,$C4)-MINIFS('Raw Data'!$G$2:$G$81,'Raw Data'!$C$2:$C$81,$C4))*100,50) | E4: =IFERROR(('Raw Data'!E4-MINIFS('Raw Data'!$E$2:$E$81,'Raw Data'!$C$2:$C$81,$C4))/(MAXIFS('Raw Data'!$E$2:$E$81,'Raw Data'!$C$2:$C$81,$C4)-MINIFS('Raw Data'!$E$2:$E$81,'Raw Data'!$C$2:$C$81,$C4))*100,50) | F4: =IFERROR(('Raw Data'!F4-MINIFS('Raw Data'!$F$2:$F$81,'Raw Data'!$C$2:$C$81,$C4))/(MAXIFS('Raw Data'!$F$2:$F$81,'Raw Data'!$C$2:$C$81,$C4)-MINIFS('Raw Data'!$F$2:$F$81,'Raw Data'!$C$2:$C$81,$C4))*100,50) | G4: =IFERROR(('Raw Data'!K4-MINIFS('Raw Data'!$K$2:$K$81,'Raw Data'!$C$2:$C$81,$C4))/(MAXIFS('Raw Data'!$K$2:$K$81,'Raw Data'!$C$2:$C$81,$C4)-MINIFS('Raw Data'!$K$2:$K$81,'Raw Data'!$C$2:$C$81,$C4))*100,50) | H4: =IFERROR(('Raw Data'!I4-MINIFS('Raw Data'!$I$2:$I$81,'Raw Data'!$C$2:$C$81,$C4))/(MAXIFS('Raw Data'!$I$2:$I$81,'Raw Data'!$C$2:$C$81,$C4)-MINIFS('Raw Data'!$I$2:$I$81,'Raw Data'!$C$2:$C$81,$C4))*100,50) | I4: =100-IFERROR(('Raw Data'!H4-MINIFS('Raw Data'!$H$2:$H$81,'Raw Data'!$C$2:$C$81,$C4))/(MAXIFS('Raw Data'!$H$2:$H$81,'Raw Data'!$C$2:$C$81,$C4)-MINIFS('Raw Data'!$H$2:$H$81,'Raw Data'!$C$2:$C$81,$C4))*100,50) | J4: =IFERROR(('Raw Data'!J4-MINIFS('Raw Data'!$J$2:$J$81,'Raw Data'!$C$2:$C$81,$C4))/(MAXIFS('Raw Data'!$J$2:$J$81,'Raw Data'!$C$2:$C$81,$C4)-MINIFS('Raw Data'!$J$2:$J$81,'Raw Data'!$C$2:$C$81,$C4))*100,50)
A5: ='Raw Data'!A5 | B5: ='Raw Data'!B5 | C5: ='Raw Data'!C5 | D5: =IFERROR(('Raw Data'!G5-MINIFS('Raw Data'!$G$2:$G$81,'Raw Data'!$C$2:$C$81,$C5))/(MAXIFS('Raw Data'!$G$2:$G$81,'Raw Data'!$C$2:$C$81,$C5)-MINIFS('Raw Data'!$G$2:$G$81,'Raw Data'!$C$2:$C$81,$C5))*100,50) | E5: =IFERROR(('Raw Data'!E5-MINIFS('Raw Data'!$E$2:$E$81,'Raw Data'!$C$2:$C$81,$C5))/(MAXIFS('Raw Data'!$E$2:$E$81,'Raw Data'!$C$2:$C$81,$C5)-MINIFS('Raw Data'!$E$2:$E$81,'Raw Data'!$C$2:$C$81,$C5))*100,50) | F5: =IFERROR(('Raw Data'!F5-MINIFS('Raw Data'!$F$2:$F$81,'Raw Data'!$C$2:$C$81,$C5))/(MAXIFS('Raw Data'!$F$2:$F$81,'Raw Data'!$C$2:$C$81,$C5)-MINIFS('Raw Data'!$F$2:$F$81,'Raw Data'!$C$2:$C$81,$C5))*100,50) | G5: =IFERROR(('Raw Data'!K5-MINIFS('Raw Data'!$K$2:$K$81,'Raw Data'!$C$2:$C$81,$C5))/(MAXIFS('Raw Data'!$K$2:$K$81,'Raw Data'!$C$2:$C$81,$C5)-MINIFS('Raw Data'!$K$2:$K$81,'Raw Data'!$C$2:$C$81,$C5))*100,50) | H5: =IFERROR(('Raw Data'!I5-MINIFS('Raw Data'!$I$2:$I$81,'Raw Data'!$C$2:$C$81,$C5))/(MAXIFS('Raw Data'!$I$2:$I$81,'Raw Data'!$C$2:$C$81,$C5)-MINIFS('Raw Data'!$I$2:$I$81,'Raw Data'!$C$2:$C$81,$C5))*100,50) | I5: =100-IFERROR(('Raw Data'!H5-MINIFS('Raw Data'!$H$2:$H$81,'Raw Data'!$C$2:$C$81,$C5))/(MAXIFS('Raw Data'!$H$2:$H$81,'Raw Data'!$C$2:$C$81,$C5)-MINIFS('Raw Data'!$H$2:$H$81,'Raw Data'!$C$2:$C$81,$C5))*100,50) | J5: =IFERROR(('Raw Data'!J5-MINIFS('Raw Data'!$J$2:$J$81,'Raw Data'!$C$2:$C$81,$C5))/(MAXIFS('Raw Data'!$J$2:$J$81,'Raw Data'!$C$2:$C$81,$C5)-MINIFS('Raw Data'!$J$2:$J$81,'Raw Data'!$C$2:$C$81,$C5))*100,50)
A6: ='Raw Data'!A6 | B6: ='Raw Data'!B6 | C6: ='Raw Data'!C6 | D6: =IFERROR(('Raw Data'!G6-MINIFS('Raw Data'!$G$2:$G$81,'Raw Data'!$C$2:$C$81,$C6))/(MAXIFS('Raw Data'!$G$2:$G$81,'Raw Data'!$C$2:$C$81,$C6)-MINIFS('Raw Data'!$G$2:$G$81,'Raw Data'!$C$2:$C$81,$C6))*100,50) | E6: =IFERROR(('Raw Data'!E6-MINIFS('Raw Data'!$E$2:$E$81,'Raw Data'!$C$2:$C$81,$C6))/(MAXIFS('Raw Data'!$E$2:$E$81,'Raw Data'!$C$2:$C$81,$C6)-MINIFS('Raw Data'!$E$2:$E$81,'Raw Data'!$C$2:$C$81,$C6))*100,50) | F6: =IFERROR(('Raw Data'!F6-MINIFS('Raw Data'!$F$2:$F$81,'Raw Data'!$C$2:$C$81,$C6))/(MAXIFS('Raw Data'!$F$2:$F$81,'Raw Data'!$C$2:$C$81,$C6)-MINIFS('Raw Data'!$F$2:$F$81,'Raw Data'!$C$2:$C$81,$C6))*100,50) | G6: =IFERROR(('Raw Data'!K6-MINIFS('Raw Data'!$K$2:$K$81,'Raw Data'!$C$2:$C$81,$C6))/(MAXIFS('Raw Data'!$K$2:$K$81,'Raw Data'!$C$2:$C$81,$C6)-MINIFS('Raw Data'!$K$2:$K$81,'Raw Data'!$C$2:$C$81,$C6))*100,50) | H6: =IFERROR(('Raw Data'!I6-MINIFS('Raw Data'!$I$2:$I$81,'Raw Data'!$C$2:$C$81,$C6))/(MAXIFS('Raw Data'!$I$2:$I$81,'Raw Data'!$C$2:$C$81,$C6)-MINIFS('Raw Data'!$I$2:$I$81,'Raw Data'!$C$2:$C$81,$C6))*100,50) | I6: =100-IFERROR(('Raw Data'!H6-MINIFS('Raw Data'!$H$2:$H$81,'Raw Data'!$C$2:$C$81,$C6))/(MAXIFS('Raw Data'!$H$2:$H$81,'Raw Data'!$C$2:$C$81,$C6)-MINIFS('Raw Data'!$H$2:$H$81,'Raw Data'!$C$2:$C$81,$C6))*100,50) | J6: =IFERROR(('Raw Data'!J6-MINIFS('Raw Data'!$J$2:$J$81,'Raw Data'!$C$2:$C$81,$C6))/(MAXIFS('Raw Data'!$J$2:$J$81,'Raw Data'!$C$2:$C$81,$C6)-MINIFS('Raw Data'!$J$2:$J$81,'Raw Data'!$C$2:$C$81,$C6))*100,50)
A7: ='Raw Data'!A7 | B7: ='Raw Data'!B7 | C7: ='Raw Data'!C7 | D7: =IFERROR(('Raw Data'!G7-MINIFS('Raw Data'!$G$2:$G$81,'Raw Data'!$C$2:$C$81,$C7))/(MAXIFS('Raw Data'!$G$2:$G$81,'Raw Data'!$C$2:$C$81,$C7)-MINIFS('Raw Data'!$G$2:$G$81,'Raw Data'!$C$2:$C$81,$C7))*100,50) | E7: =IFERROR(('Raw Data'!E7-MINIFS('Raw Data'!$E$2:$E$81,'Raw Data'!$C$2:$C$81,$C7))/(MAXIFS('Raw Data'!$E$2:$E$81,'Raw Data'!$C$2:$C$81,$C7)-MINIFS('Raw Data'!$E$2:$E$81,'Raw Data'!$C$2:$C$81,$C7))*100,50) | F7: =IFERROR(('Raw Data'!F7-MINIFS('Raw Data'!$F$2:$F$81,'Raw Data'!$C$2:$C$81,$C7))/(MAXIFS('Raw Data'!$F$2:$F$81,'Raw Data'!$C$2:$C$81,$C7)-MINIFS('Raw Data'!$F$2:$F$81,'Raw Data'!$C$2:$C$81,$C7))*100,50) | G7: =IFERROR(('Raw Data'!K7-MINIFS('Raw Data'!$K$2:$K$81,'Raw Data'!$C$2:$C$81,$C7))/(MAXIFS('Raw Data'!$K$2:$K$81,'Raw Data'!$C$2:$C$81,$C7)-MINIFS('Raw Data'!$K$2:$K$81,'Raw Data'!$C$2:$C$81,$C7))*100,50) | H7: =IFERROR(('Raw Data'!I7-MINIFS('Raw Data'!$I$2:$I$81,'Raw Data'!$C$2:$C$81,$C7))/(MAXIFS('Raw Data'!$I$2:$I$81,'Raw Data'!$C$2:$C$81,$C7)-MINIFS('Raw Data'!$I$2:$I$81,'Raw Data'!$C$2:$C$81,$C7))*100,50) | I7: =100-IFERROR(('Raw Data'!H7-MINIFS('Raw Data'!$H$2:$H$81,'Raw Data'!$C$2:$C$81,$C7))/(MAXIFS('Raw Data'!$H$2:$H$81,'Raw Data'!$C$2:$C$81,$C7)-MINIFS('Raw Data'!$H$2:$H$81,'Raw Data'!$C$2:$C$81,$C7))*100,50) | J7: =IFERROR(('Raw Data'!J7-MINIFS('Raw Data'!$J$2:$J$81,'Raw Data'!$C$2:$C$81,$C7))/(MAXIFS('Raw Data'!$J$2:$J$81,'Raw Data'!$C$2:$C$81,$C7)-MINIFS('Raw Data'!$J$2:$J$81,'Raw Data'!$C$2:$C$81,$C7))*100,50)
A8: ='Raw Data'!A8 | B8: ='Raw Data'!B8 | C8: ='Raw Data'!C8 | D8: =IFERROR(('Raw Data'!G8-MINIFS('Raw Data'!$G$2:$G$81,'Raw Data'!$C$2:$C$81,$C8))/(MAXIFS('Raw Data'!$G$2:$G$81,'Raw Data'!$C$2:$C$81,$C8)-MINIFS('Raw Data'!$G$2:$G$81,'Raw Data'!$C$2:$C$81,$C8))*100,50) | E8: =IFERROR(('Raw Data'!E8-MINIFS('Raw Data'!$E$2:$E$81,'Raw Data'!$C$2:$C$81,$C8))/(MAXIFS('Raw Data'!$E$2:$E$81,'Raw Data'!$C$2:$C$81,$C8)-MINIFS('Raw Data'!$E$2:$E$81,'Raw Data'!$C$2:$C$81,$C8))*100,50) | F8: =IFERROR(('Raw Data'!F8-MINIFS('Raw Data'!$F$2:$F$81,'Raw Data'!$C$2:$C$81,$C8))/(MAXIFS('Raw Data'!$F$2:$F$81,'Raw Data'!$C$2:$C$81,$C8)-MINIFS('Raw Data'!$F$2:$F$81,'Raw Data'!$C$2:$C$81,$C8))*100,50) | G8: =IFERROR(('Raw Data'!K8-MINIFS('Raw Data'!$K$2:$K$81,'Raw Data'!$C$2:$C$81,$C8))/(MAXIFS('Raw Data'!$K$2:$K$81,'Raw Data'!$C$2:$C$81,$C8)-MINIFS('Raw Data'!$K$2:$K$81,'Raw Data'!$C$2:$C$81,$C8))*100,50) | H8: =IFERROR(('Raw Data'!I8-MINIFS('Raw Data'!$I$2:$I$81,'Raw Data'!$C$2:$C$81,$C8))/(MAXIFS('Raw Data'!$I$2:$I$81,'Raw Data'!$C$2:$C$81,$C8)-MINIFS('Raw Data'!$I$2:$I$81,'Raw Data'!$C$2:$C$81,$C8))*100,50) | I8: =100-IFERROR(('Raw Data'!H8-MINIFS('Raw Data'!$H$2:$H$81,'Raw Data'!$C$2:$C$81,$C8))/(MAXIFS('Raw Data'!$H$2:$H$81,'Raw Data'!$C$2:$C$81,$C8)-MINIFS('Raw Data'!$H$2:$H$81,'Raw Data'!$C$2:$C$81,$C8))*100,50) | J8: =IFERROR(('Raw Data'!J8-MINIFS('Raw Data'!$J$2:$J$81,'Raw Data'!$C$2:$C$81,$C8))/(MAXIFS('Raw Data'!$J$2:$J$81,'Raw Data'!$C$2:$C$81,$C8)-MINIFS('Raw Data'!$J$2:$J$81,'Raw Data'!$C$2:$C$81,$C8))*100,50)
A9: ='Raw Data'!A9 | B9: ='Raw Data'!B9 | C9: ='Raw Data'!C9 | D9: =IFERROR(('Raw Data'!G9-MINIFS('Raw Data'!$G$2:$G$81,'Raw Data'!$C$2:$C$81,$C9))/(MAXIFS('Raw Data'!$G$2:$G$81,'Raw Data'!$C$2:$C$81,$C9)-MINIFS('Raw Data'!$G$2:$G$81,'Raw Data'!$C$2:$C$81,$C9))*100,50) | E9: =IFERROR(('Raw Data'!E9-MINIFS('Raw Data'!$E$2:$E$81,'Raw Data'!$C$2:$C$81,$C9))/(MAXIFS('Raw Data'!$E$2:$E$81,'Raw Data'!$C$2:$C$81,$C9)-MINIFS('Raw Data'!$E$2:$E$81,'Raw Data'!$C$2:$C$81,$C9))*100,50) | F9: =IFERROR(('Raw Data'!F9-MINIFS('Raw Data'!$F$2:$F$81,'Raw Data'!$C$2:$C$81,$C9))/(MAXIFS('Raw Data'!$F$2:$F$81,'Raw Data'!$C$2:$C$81,$C9)-MINIFS('Raw Data'!$F$2:$F$81,'Raw Data'!$C$2:$C$81,$C9))*100,50) | G9: =IFERROR(('Raw Data'!K9-MINIFS('Raw Data'!$K$2:$K$81,'Raw Data'!$C$2:$C$81,$C9))/(MAXIFS('Raw Data'!$K$2:$K$81,'Raw Data'!$C$2:$C$81,$C9)-MINIFS('Raw Data'!$K$2:$K$81,'Raw Data'!$C$2:$C$81,$C9))*100,50) | H9: =IFERROR(('Raw Data'!I9-MINIFS('Raw Data'!$I$2:$I$81,'Raw Data'!$C$2:$C$81,$C9))/(MAXIFS('Raw Data'!$I$2:$I$81,'Raw Data'!$C$2:$C$81,$C9)-MINIFS('Raw Data'!$I$2:$I$81,'Raw Data'!$C$2:$C$81,$C9))*100,50) | I9: =100-IFERROR(('Raw Data'!H9-MINIFS('Raw Data'!$H$2:$H$81,'Raw Data'!$C$2:$C$81,$C9))/(MAXIFS('Raw Data'!$H$2:$H$81,'Raw Data'!$C$2:$C$81,$C9)-MINIFS('Raw Data'!$H$2:$H$81,'Raw Data'!$C$2:$C$81,$C9))*100,50) | J9: =IFERROR(('Raw Data'!J9-MINIFS('Raw Data'!$J$2:$J$81,'Raw Data'!$C$2:$C$81,$C9))/(MAXIFS('Raw Data'!$J$2:$J$81,'Raw Data'!$C$2:$C$81,$C9)-MINIFS('Raw Data'!$J$2:$J$81,'Raw Data'!$C$2:$C$81,$C9))*100,50)
A10: ='Raw Data'!A10 | B10: ='Raw Data'!B10 | C10: ='Raw Data'!C10 | D10: =IFERROR(('Raw Data'!G10-MINIFS('Raw Data'!$G$2:$G$81,'Raw Data'!$C$2:$C$81,$C10))/(MAXIFS('Raw Data'!$G$2:$G$81,'Raw Data'!$C$2:$C$81,$C10)-MINIFS('Raw Data'!$G$2:$G$81,'Raw Data'!$C$2:$C$81,$C10))*100,50) | E10: =IFERROR(('Raw Data'!E10-MINIFS('Raw Data'!$E$2:$E$81,'Raw Data'!$C$2:$C$81,$C10))/(MAXIFS('Raw Data'!$E$2:$E$81,'Raw Data'!$C$2:$C$81,$C10)-MINIFS('Raw Data'!$E$2:$E$81,'Raw Data'!$C$2:$C$81,$C10))*100,50) | F10: =IFERROR(('Raw Data'!F10-MINIFS('Raw Data'!$F$2:$F$81,'Raw Data'!$C$2:$C$81,$C10))/(MAXIFS('Raw Data'!$F$2:$F$81,'Raw Data'!$C$2:$C$81,$C10)-MINIFS('Raw Data'!$F$2:$F$81,'Raw Data'!$C$2:$C$81,$C10))*100,50) | G10: =IFERROR(('Raw Data'!K10-MINIFS('Raw Data'!$K$2:$K$81,'Raw Data'!$C$2:$C$81,$C10))/(MAXIFS('Raw Data'!$K$2:$K$81,'Raw Data'!$C$2:$C$81,$C10)-MINIFS('Raw Data'!$K$2:$K$81,'Raw Data'!$C$2:$C$81,$C10))*100,50) | H10: =IFERROR(('Raw Data'!I10-MINIFS('Raw Data'!$I$2:$I$81,'Raw Data'!$C$2:$C$81,$C10))/(MAXIFS('Raw Data'!$I$2:$I$81,'Raw Data'!$C$2:$C$81,$C10)-MINIFS('Raw Data'!$I$2:$I$81,'Raw Data'!$C$2:$C$81,$C10))*100,50) | I10: =100-IFERROR(('Raw Data'!H10-MINIFS('Raw Data'!$H$2:$H$81,'Raw Data'!$C$2:$C$81,$C10))/(MAXIFS('Raw Data'!$H$2:$H$81,'Raw Data'!$C$2:$C$81,$C10)-MINIFS('Raw Data'!$H$2:$H$81,'Raw Data'!$C$2:$C$81,$C10))*100,50) | J10: =IFERROR(('Raw Data'!J10-MINIFS('Raw Data'!$J$2:$J$81,'Raw Data'!$C$2:$C$81,$C10))/(MAXIFS('Raw Data'!$J$2:$J$81,'Raw Data'!$C$2:$C$81,$C10)-MINIFS('Raw Data'!$J$2:$J$81,'Raw Data'!$C$2:$C$81,$C10))*100,50)
A11: ='Raw Data'!A11 | B11: ='Raw Data'!B11 | C11: ='Raw Data'!C11 | D11: =IFERROR(('Raw Data'!G11-MINIFS('Raw Data'!$G$2:$G$81,'Raw Data'!$C$2:$C$81,$C11))/(MAXIFS('Raw Data'!$G$2:$G$81,'Raw Data'!$C$2:$C$81,$C11)-MINIFS('Raw Data'!$G$2:$G$81,'Raw Data'!$C$2:$C$81,$C11))*100,50) | E11: =IFERROR(('Raw Data'!E11-MINIFS('Raw Data'!$E$2:$E$81,'Raw Data'!$C$2:$C$81,$C11))/(MAXIFS('Raw Data'!$E$2:$E$81,'Raw Data'!$C$2:$C$81,$C11)-MINIFS('Raw Data'!$E$2:$E$81,'Raw Data'!$C$2:$C$81,$C11))*100,50) | F11: =IFERROR(('Raw Data'!F11-MINIFS('Raw Data'!$F$2:$F$81,'Raw Data'!$C$2:$C$81,$C11))/(MAXIFS('Raw Data'!$F$2:$F$81,'Raw Data'!$C$2:$C$81,$C11)-MINIFS('Raw Data'!$F$2:$F$81,'Raw Data'!$C$2:$C$81,$C11))*100,50) | G11: =IFERROR(('Raw Data'!K11-MINIFS('Raw Data'!$K$2:$K$81,'Raw Data'!$C$2:$C$81,$C11))/(MAXIFS('Raw Data'!$K$2:$K$81,'Raw Data'!$C$2:$C$81,$C11)-MINIFS('Raw Data'!$K$2:$K$81,'Raw Data'!$C$2:$C$81,$C11))*100,50) | H11: =IFERROR(('Raw Data'!I11-MINIFS('Raw Data'!$I$2:$I$81,'Raw Data'!$C$2:$C$81,$C11))/(MAXIFS('Raw Data'!$I$2:$I$81,'Raw Data'!$C$2:$C$81,$C11)-MINIFS('Raw Data'!$I$2:$I$81,'Raw Data'!$C$2:$C$81,$C11))*100,50) | I11: =100-IFERROR(('Raw Data'!H11-MINIFS('Raw Data'!$H$2:$H$81,'Raw Data'!$C$2:$C$81,$C11))/(MAXIFS('Raw Data'!$H$2:$H$81,'Raw Data'!$C$2:$C$81,$C11)-MINIFS('Raw Data'!$H$2:$H$81,'Raw Data'!$C$2:$C$81,$C11))*100,50) | J11: =IFERROR(('Raw Data'!J11-MINIFS('Raw Data'!$J$2:$J$81,'Raw Data'!$C$2:$C$81,$C11))/(MAXIFS('Raw Data'!$J$2:$J$81,'Raw Data'!$C$2:$C$81,$C11)-MINIFS('Raw Data'!$J$2:$J$81,'Raw Data'!$C$2:$C$81,$C11))*100,50)
A12: ='Raw Data'!A12 | B12: ='Raw Data'!B12 | C12: ='Raw Data'!C12 | D12: =IFERROR(('Raw Data'!G12-MINIFS('Raw Data'!$G$2:$G$81,'Raw Data'!$C$2:$C$81,$C12))/(MAXIFS('Raw Data'!$G$2:$G$81,'Raw Data'!$C$2:$C$81,$C12)-MINIFS('Raw Data'!$G$2:$G$81,'Raw Data'!$C$2:$C$81,$C12))*100,50) | E12: =IFERROR(('Raw Data'!E12-MINIFS('Raw Data'!$E$2:$E$81,'Raw Data'!$C$2:$C$81,$C12))/(MAXIFS('Raw Data'!$E$2:$E$81,'Raw Data'!$C$2:$C$81,$C12)-MINIFS('Raw Data'!$E$2:$E$81,'Raw Data'!$C$2:$C$81,$C12))*100,50) | F12: =IFERROR(('Raw Data'!F12-MINIFS('Raw Data'!$F$2:$F$81,'Raw Data'!$C$2:$C$81,$C12))/(MAXIFS('Raw Data'!$F$2:$F$81,'Raw Data'!$C$2:$C$81,$C12)-MINIFS('Raw Data'!$F$2:$F$81,'Raw Data'!$C$2:$C$81,$C12))*100,50) | G12: =IFERROR(('Raw Data'!K12-MINIFS('Raw Data'!$K$2:$K$81,'Raw Data'!$C$2:$C$81,$C12))/(MAXIFS('Raw Data'!$K$2:$K$81,'Raw Data'!$C$2:$C$81,$C12)-MINIFS('Raw Data'!$K$2:$K$81,'Raw Data'!$C$2:$C$81,$C12))*100,50) | H12: =IFERROR(('Raw Data'!I12-MINIFS('Raw Data'!$I$2:$I$81,'Raw Data'!$C$2:$C$81,$C12))/(MAXIFS('Raw Data'!$I$2:$I$81,'Raw Data'!$C$2:$C$81,$C12)-MINIFS('Raw Data'!$I$2:$I$81,'Raw Data'!$C$2:$C$81,$C12))*100,50) | I12: =100-IFERROR(('Raw Data'!H12-MINIFS('Raw Data'!$H$2:$H$81,'Raw Data'!$C$2:$C$81,$C12))/(MAXIFS('Raw Data'!$H$2:$H$81,'Raw Data'!$C$2:$C$81,$C12)-MINIFS('Raw Data'!$H$2:$H$81,'Raw Data'!$C$2:$C$81,$C12))*100,50) | J12: =IFERROR(('Raw Data'!J12-MINIFS('Raw Data'!$J$2:$J$81,'Raw Data'!$C$2:$C$81,$C12))/(MAXIFS('Raw Data'!$J$2:$J$81,'Raw Data'!$C$2:$C$81,$C12)-MINIFS('Raw Data'!$J$2:$J$81,'Raw Data'!$C$2:$C$81,$C12))*100,50)
A13: ='Raw Data'!A13 | B13: ='Raw Data'!B13 | C13: ='Raw Data'!C13 | D13: =IFERROR(('Raw Data'!G13-MINIFS('Raw Data'!$G$2:$G$81,'Raw Data'!$C$2:$C$81,$C13))/(MAXIFS('Raw Data'!$G$2:$G$81,'Raw Data'!$C$2:$C$81,$C13)-MINIFS('Raw Data'!$G$2:$G$81,'Raw Data'!$C$2:$C$81,$C13))*100,50) | E13: =IFERROR(('Raw Data'!E13-MINIFS('Raw Data'!$E$2:$E$81,'Raw Data'!$C$2:$C$81,$C13))/(MAXIFS('Raw Data'!$E$2:$E$81,'Raw Data'!$C$2:$C$81,$C13)-MINIFS('Raw Data'!$E$2:$E$81,'Raw Data'!$C$2:$C$81,$C13))*100,50) | F13: =IFERROR(('Raw Data'!F13-MINIFS('Raw Data'!$F$2:$F$81,'Raw Data'!$C$2:$C$81,$C13))/(MAXIFS('Raw Data'!$F$2:$F$81,'Raw Data'!$C$2:$C$81,$C13)-MINIFS('Raw Data'!$F$2:$F$81,'Raw Data'!$C$2:$C$81,$C13))*100,50) | G13: =IFERROR(('Raw Data'!K13-MINIFS('Raw Data'!$K$2:$K$81,'Raw Data'!$C$2:$C$81,$C13))/(MAXIFS('Raw Data'!$K$2:$K$81,'Raw Data'!$C$2:$C$81,$C13)-MINIFS('Raw Data'!$K$2:$K$81,'Raw Data'!$C$2:$C$81,$C13))*100,50) | H13: =IFERROR(('Raw Data'!I13-MINIFS('Raw Data'!$I$2:$I$81,'Raw Data'!$C$2:$C$81,$C13))/(MAXIFS('Raw Data'!$I$2:$I$81,'Raw Data'!$C$2:$C$81,$C13)-MINIFS('Raw Data'!$I$2:$I$81,'Raw Data'!$C$2:$C$81,$C13))*100,50) | I13: =100-IFERROR(('Raw Data'!H13-MINIFS('Raw Data'!$H$2:$H$81,'Raw Data'!$C$2:$C$81,$C13))/(MAXIFS('Raw Data'!$H$2:$H$81,'Raw Data'!$C$2:$C$81,$C13)-MINIFS('Raw Data'!$H$2:$H$81,'Raw Data'!$C$2:$C$81,$C13))*100,50) | J13: =IFERROR(('Raw Data'!J13-MINIFS('Raw Data'!$J$2:$J$81,'Raw Data'!$C$2:$C$81,$C13))/(MAXIFS('Raw Data'!$J$2:$J$81,'Raw Data'!$C$2:$C$81,$C13)-MINIFS('Raw Data'!$J$2:$J$81,'Raw Data'!$C$2:$C$81,$C13))*100,50)
... A81: ='Raw Data'!A81 | B81: ='Raw Data'!B81 | C81: ='Raw Data'!C81 | D81: =IFERROR(('Raw Data'!G81-MINIFS('Raw Data'!$G$2:$G$81,'Raw Data'!$C$2:$C$81,$C81))/(MAXIFS('Raw Data'!$G$2:$G$81,'Raw Data'!$C$2:$C$81,$C81)-MINIFS('Raw Data'!$G$2:$G$81,'Raw Data'!$C$2:$C$81,$C81))*100,50) | E81: =IFERROR(('Raw Data'!E81-MINIFS('Raw Data'!$E$2:$E$81,'Raw Data'!$C$2:$C$81,$C81))/(MAXIFS('Raw Data'!$E$2:$E$81,'Raw Data'!$C$2:$C$81,$C81)-MINIFS('Raw Data'!$E$2:$E$81,'Raw Data'!$C$2:$C$81,$C81))*100,50) | F81: =IFERROR(('Raw Data'!F81-MINIFS('Raw Data'!$F$2:$F$81,'Raw Data'!$C$2:$C$81,$C81))/(MAXIFS('Raw Data'!$F$2:$F$81,'Raw Data'!$C$2:$C$81,$C81)-MINIFS('Raw Data'!$F$2:$F$81,'Raw Data'!$C$2:$C$81,$C81))*100,50) | G81: =IFERROR(('Raw Data'!K81-MINIFS('Raw Data'!$K$2:$K$81,'Raw Data'!$C$2:$C$81,$C81))/(MAXIFS('Raw Data'!$K$2:$K$81,'Raw Data'!$C$2:$C$81,$C81)-MINIFS('Raw Data'!$K$2:$K$81,'Raw Data'!$C$2:$C$81,$C81))*100,50) | H81: =IFERROR(('Raw Data'!I81-MINIFS('Raw Data'!$I$2:$I$81,'Raw Data'!$C$2:$C$81,$C81))/(MAXIFS('Raw Data'!$I$2:$I$81,'Raw Data'!$C$2:$C$81,$C81)-MINIFS('Raw Data'!$I$2:$I$81,'Raw Data'!$C$2:$C$81,$C81))*100,50) | I81: =100-IFERROR(('Raw Data'!H81-MINIFS('Raw Data'!$H$2:$H$81,'Raw Data'!$C$2:$C$81,$C81))/(MAXIFS('Raw Data'!$H$2:$H$81,'Raw Data'!$C$2:$C$81,$C81)-MINIFS('Raw Data'!$H$2:$H$81,'Raw Data'!$C$2:$C$81,$C81))*100,50) | J81: =IFERROR(('Raw Data'!J81-MINIFS('Raw Data'!$J$2:$J$81,'Raw Data'!$C$2:$C$81,$C81))/(MAXIFS('Raw Data'!$J$2:$J$81,'Raw Data'!$C$2:$C$81,$C81)-MINIFS('Raw Data'!$J$2:$J$81,'Raw Data'!$C$2:$C$81,$C81))*100,50)
A83: Illustrative dataset constructed to be directionally consistent with publicly reported industry estimates. Figures are for methodology demonstration and are not market research.

Sheet Scoring Model
A1: segment_id | B1: segment_name | C1: year | D1: contrib_serviceable_market_size | E1: contrib_cagr | F1: contrib_design_services_addressability | G1: contrib_strategic_fit | H1: contrib_customer_demand | I1: contrib_competitive_intensity | J1: contrib_entry_feasibility | K1: opportunity_score | L1: rank_in_year
A2: =Normalization!A2 | B2: =Normalization!B2 | C2: =Normalization!C2 | D2: =Normalization!D2*Assumptions!$C$7 | E2: =Normalization!E2*Assumptions!$C$8 | F2: =Normalization!F2*Assumptions!$C$9 | G2: =Normalization!G2*Assumptions!$C$10 | H2: =Normalization!H2*Assumptions!$C$11 | I2: =Normalization!I2*Assumptions!$C$12 | J2: =Normalization!J2*Assumptions!$C$13 | K2: =SUM(D2:J2) | L2: =SUMPRODUCT(($C$2:$C$81=$C2)*($K$2:$K$81>$K2))+1
A3: =Normalization!A3 | B3: =Normalization!B3 | C3: =Normalization!C3 | D3: =Normalization!D3*Assumptions!$C$7 | E3: =Normalization!E3*Assumptions!$C$8 | F3: =Normalization!F3*Assumptions!$C$9 | G3: =Normalization!G3*Assumptions!$C$10 | H3: =Normalization!H3*Assumptions!$C$11 | I3: =Normalization!I3*Assumptions!$C$12 | J3: =Normalization!J3*Assumptions!$C$13 | K3: =SUM(D3:J3) | L3: =SUMPRODUCT(($C$2:$C$81=$C3)*($K$2:$K$81>$K3))+1
A4: =Normalization!A4 | B4: =Normalization!B4 | C4: =Normalization!C4 | D4: =Normalization!D4*Assumptions!$C$7 | E4: =Normalization!E4*Assumptions!$C$8 | F4: =Normalization!F4*Assumptions!$C$9 | G4: =Normalization!G4*Assumptions!$C$10 | H4: =Normalization!H4*Assumptions!$C$11 | I4: =Normalization!I4*Assumptions!$C$12 | J4: =Normalization!J4*Assumptions!$C$13 | K4: =SUM(D4:J4) | L4: =SUMPRODUCT(($C$2:$C$81=$C4)*($K$2:$K$81>$K4))+1
A5: =Normalization!A5 | B5: =Normalization!B5 | C5: =Normalization!C5 | D5: =Normalization!D5*Assumptions!$C$7 | E5: =Normalization!E5*Assumptions!$C$8 | F5: =Normalization!F5*Assumptions!$C$9 | G5: =Normalization!G5*Assumptions!$C$10 | H5: =Normalization!H5*Assumptions!$C$11 | I5: =Normalization!I5*Assumptions!$C$12 | J5: =Normalization!J5*Assumptions!$C$13 | K5: =SUM(D5:J5) | L5: =SUMPRODUCT(($C$2:$C$81=$C5)*($K$2:$K$81>$K5))+1
A6: =Normalization!A6 | B6: =Normalization!B6 | C6: =Normalization!C6 | D6: =Normalization!D6*Assumptions!$C$7 | E6: =Normalization!E6*Assumptions!$C$8 | F6: =Normalization!F6*Assumptions!$C$9 | G6: =Normalization!G6*Assumptions!$C$10 | H6: =Normalization!H6*Assumptions!$C$11 | I6: =Normalization!I6*Assumptions!$C$12 | J6: =Normalization!J6*Assumptions!$C$13 | K6: =SUM(D6:J6) | L6: =SUMPRODUCT(($C$2:$C$81=$C6)*($K$2:$K$81>$K6))+1
A7: =Normalization!A7 | B7: =Normalization!B7 | C7: =Normalization!C7 | D7: =Normalization!D7*Assumptions!$C$7 | E7: =Normalization!E7*Assumptions!$C$8 | F7: =Normalization!F7*Assumptions!$C$9 | G7: =Normalization!G7*Assumptions!$C$10 | H7: =Normalization!H7*Assumptions!$C$11 | I7: =Normalization!I7*Assumptions!$C$12 | J7: =Normalization!J7*Assumptions!$C$13 | K7: =SUM(D7:J7) | L7: =SUMPRODUCT(($C$2:$C$81=$C7)*($K$2:$K$81>$K7))+1
A8: =Normalization!A8 | B8: =Normalization!B8 | C8: =Normalization!C8 | D8: =Normalization!D8*Assumptions!$C$7 | E8: =Normalization!E8*Assumptions!$C$8 | F8: =Normalization!F8*Assumptions!$C$9 | G8: =Normalization!G8*Assumptions!$C$10 | H8: =Normalization!H8*Assumptions!$C$11 | I8: =Normalization!I8*Assumptions!$C$12 | J8: =Normalization!J8*Assumptions!$C$13 | K8: =SUM(D8:J8) | L8: =SUMPRODUCT(($C$2:$C$81=$C8)*($K$2:$K$81>$K8))+1
A9: =Normalization!A9 | B9: =Normalization!B9 | C9: =Normalization!C9 | D9: =Normalization!D9*Assumptions!$C$7 | E9: =Normalization!E9*Assumptions!$C$8 | F9: =Normalization!F9*Assumptions!$C$9 | G9: =Normalization!G9*Assumptions!$C$10 | H9: =Normalization!H9*Assumptions!$C$11 | I9: =Normalization!I9*Assumptions!$C$12 | J9: =Normalization!J9*Assumptions!$C$13 | K9: =SUM(D9:J9) | L9: =SUMPRODUCT(($C$2:$C$81=$C9)*($K$2:$K$81>$K9))+1
A10: =Normalization!A10 | B10: =Normalization!B10 | C10: =Normalization!C10 | D10: =Normalization!D10*Assumptions!$C$7 | E10: =Normalization!E10*Assumptions!$C$8 | F10: =Normalization!F10*Assumptions!$C$9 | G10: =Normalization!G10*Assumptions!$C$10 | H10: =Normalization!H10*Assumptions!$C$11 | I10: =Normalization!I10*Assumptions!$C$12 | J10: =Normalization!J10*Assumptions!$C$13 | K10: =SUM(D10:J10) | L10: =SUMPRODUCT(($C$2:$C$81=$C10)*($K$2:$K$81>$K10))+1
A11: =Normalization!A11 | B11: =Normalization!B11 | C11: =Normalization!C11 | D11: =Normalization!D11*Assumptions!$C$7 | E11: =Normalization!E11*Assumptions!$C$8 | F11: =Normalization!F11*Assumptions!$C$9 | G11: =Normalization!G11*Assumptions!$C$10 | H11: =Normalization!H11*Assumptions!$C$11 | I11: =Normalization!I11*Assumptions!$C$12 | J11: =Normalization!J11*Assumptions!$C$13 | K11: =SUM(D11:J11) | L11: =SUMPRODUCT(($C$2:$C$81=$C11)*($K$2:$K$81>$K11))+1
A12: =Normalization!A12 | B12: =Normalization!B12 | C12: =Normalization!C12 | D12: =Normalization!D12*Assumptions!$C$7 | E12: =Normalization!E12*Assumptions!$C$8 | F12: =Normalization!F12*Assumptions!$C$9 | G12: =Normalization!G12*Assumptions!$C$10 | H12: =Normalization!H12*Assumptions!$C$11 | I12: =Normalization!I12*Assumptions!$C$12 | J12: =Normalization!J12*Assumptions!$C$13 | K12: =SUM(D12:J12) | L12: =SUMPRODUCT(($C$2:$C$81=$C12)*($K$2:$K$81>$K12))+1
A13: =Normalization!A13 | B13: =Normalization!B13 | C13: =Normalization!C13 | D13: =Normalization!D13*Assumptions!$C$7 | E13: =Normalization!E13*Assumptions!$C$8 | F13: =Normalization!F13*Assumptions!$C$9 | G13: =Normalization!G13*Assumptions!$C$10 | H13: =Normalization!H13*Assumptions!$C$11 | I13: =Normalization!I13*Assumptions!$C$12 | J13: =Normalization!J13*Assumptions!$C$13 | K13: =SUM(D13:J13) | L13: =SUMPRODUCT(($C$2:$C$81=$C13)*($K$2:$K$81>$K13))+1
... A81: =Normalization!A81 | B81: =Normalization!B81 | C81: =Normalization!C81 | D81: =Normalization!D81*Assumptions!$C$7 | E81: =Normalization!E81*Assumptions!$C$8 | F81: =Normalization!F81*Assumptions!$C$9 | G81: =Normalization!G81*Assumptions!$C$10 | H81: =Normalization!H81*Assumptions!$C$11 | I81: =Normalization!I81*Assumptions!$C$12 | J81: =Normalization!J81*Assumptions!$C$13 | K81: =SUM(D81:J81) | L81: =SUMPRODUCT(($C$2:$C$81=$C81)*($K$2:$K$81>$K81))+1
A83: Illustrative dataset constructed to be directionally consistent with publicly reported industry estimates. Figures are for methodology demonstration and are not market research.

Sheet Sensitivity
A1: segment_id | B1: segment_name | C1: year | D1: Score - Base (house view) | E1: Score - Growth-weighted | F1: Score - Feasibility-weighted | G1: Score - Fit-weighted | H1: Rank - Base (house view) | I1: Rank - Growth-weighted | J1: Rank - Feasibility-weighted | K1: Rank - Fit-weighted
A2: =Normalization!A2 | B2: =Normalization!B2 | C2: =Normalization!C2 | D2: =Normalization!D2*Assumptions!$C$7+Normalization!E2*Assumptions!$C$8+Normalization!F2*Assumptions!$C$9+Normalization!G2*Assumptions!$C$10+Normalization!H2*Assumptions!$C$11+Normalization!I2*Assumptions!$C$12+Normalization!J2*Assumptions!$C$13 | E2: =Normalization!D2*Assumptions!$D$7+Normalization!E2*Assumptions!$D$8+Normalization!F2*Assumptions!$D$9+Normalization!G2*Assumptions!$D$10+Normalization!H2*Assumptions!$D$11+Normalization!I2*Assumptions!$D$12+Normalization!J2*Assumptions!$D$13 | F2: =Normalization!D2*Assumptions!$E$7+Normalization!E2*Assumptions!$E$8+Normalization!F2*Assumptions!$E$9+Normalization!G2*Assumptions!$E$10+Normalization!H2*Assumptions!$E$11+Normalization!I2*Assumptions!$E$12+Normalization!J2*Assumptions!$E$13 | G2: =Normalization!D2*Assumptions!$F$7+Normalization!E2*Assumptions!$F$8+Normalization!F2*Assumptions!$F$9+Normalization!G2*Assumptions!$F$10+Normalization!H2*Assumptions!$F$11+Normalization!I2*Assumptions!$F$12+Normalization!J2*Assumptions!$F$13 | H2: =SUMPRODUCT(($C$2:$C$81=$C2)*($D$2:$D$81>$D2))+1 | I2: =SUMPRODUCT(($C$2:$C$81=$C2)*($E$2:$E$81>$E2))+1 | J2: =SUMPRODUCT(($C$2:$C$81=$C2)*($F$2:$F$81>$F2))+1 | K2: =SUMPRODUCT(($C$2:$C$81=$C2)*($G$2:$G$81>$G2))+1
A3: =Normalization!A3 | B3: =Normalization!B3 | C3: =Normalization!C3 | D3: =Normalization!D3*Assumptions!$C$7+Normalization!E3*Assumptions!$C$8+Normalization!F3*Assumptions!$C$9+Normalization!G3*Assumptions!$C$10+Normalization!H3*Assumptions!$C$11+Normalization!I3*Assumptions!$C$12+Normalization!J3*Assumptions!$C$13 | E3: =Normalization!D3*Assumptions!$D$7+Normalization!E3*Assumptions!$D$8+Normalization!F3*Assumptions!$D$9+Normalization!G3*Assumptions!$D$10+Normalization!H3*Assumptions!$D$11+Normalization!I3*Assumptions!$D$12+Normalization!J3*Assumptions!$D$13 | F3: =Normalization!D3*Assumptions!$E$7+Normalization!E3*Assumptions!$E$8+Normalization!F3*Assumptions!$E$9+Normalization!G3*Assumptions!$E$10+Normalization!H3*Assumptions!$E$11+Normalization!I3*Assumptions!$E$12+Normalization!J3*Assumptions!$E$13 | G3: =Normalization!D3*Assumptions!$F$7+Normalization!E3*Assumptions!$F$8+Normalization!F3*Assumptions!$F$9+Normalization!G3*Assumptions!$F$10+Normalization!H3*Assumptions!$F$11+Normalization!I3*Assumptions!$F$12+Normalization!J3*Assumptions!$F$13 | H3: =SUMPRODUCT(($C$2:$C$81=$C3)*($D$2:$D$81>$D3))+1 | I3: =SUMPRODUCT(($C$2:$C$81=$C3)*($E$2:$E$81>$E3))+1 | J3: =SUMPRODUCT(($C$2:$C$81=$C3)*($F$2:$F$81>$F3))+1 | K3: =SUMPRODUCT(($C$2:$C$81=$C3)*($G$2:$G$81>$G3))+1
A4: =Normalization!A4 | B4: =Normalization!B4 | C4: =Normalization!C4 | D4: =Normalization!D4*Assumptions!$C$7+Normalization!E4*Assumptions!$C$8+Normalization!F4*Assumptions!$C$9+Normalization!G4*Assumptions!$C$10+Normalization!H4*Assumptions!$C$11+Normalization!I4*Assumptions!$C$12+Normalization!J4*Assumptions!$C$13 | E4: =Normalization!D4*Assumptions!$D$7+Normalization!E4*Assumptions!$D$8+Normalization!F4*Assumptions!$D$9+Normalization!G4*Assumptions!$D$10+Normalization!H4*Assumptions!$D$11+Normalization!I4*Assumptions!$D$12+Normalization!J4*Assumptions!$D$13 | F4: =Normalization!D4*Assumptions!$E$7+Normalization!E4*Assumptions!$E$8+Normalization!F4*Assumptions!$E$9+Normalization!G4*Assumptions!$E$10+Normalization!H4*Assumptions!$E$11+Normalization!I4*Assumptions!$E$12+Normalization!J4*Assumptions!$E$13 | G4: =Normalization!D4*Assumptions!$F$7+Normalization!E4*Assumptions!$F$8+Normalization!F4*Assumptions!$F$9+Normalization!G4*Assumptions!$F$10+Normalization!H4*Assumptions!$F$11+Normalization!I4*Assumptions!$F$12+Normalization!J4*Assumptions!$F$13 | H4: =SUMPRODUCT(($C$2:$C$81=$C4)*($D$2:$D$81>$D4))+1 | I4: =SUMPRODUCT(($C$2:$C$81=$C4)*($E$2:$E$81>$E4))+1 | J4: =SUMPRODUCT(($C$2:$C$81=$C4)*($F$2:$F$81>$F4))+1 | K4: =SUMPRODUCT(($C$2:$C$81=$C4)*($G$2:$G$81>$G4))+1
A5: =Normalization!A5 | B5: =Normalization!B5 | C5: =Normalization!C5 | D5: =Normalization!D5*Assumptions!$C$7+Normalization!E5*Assumptions!$C$8+Normalization!F5*Assumptions!$C$9+Normalization!G5*Assumptions!$C$10+Normalization!H5*Assumptions!$C$11+Normalization!I5*Assumptions!$C$12+Normalization!J5*Assumptions!$C$13 | E5: =Normalization!D5*Assumptions!$D$7+Normalization!E5*Assumptions!$D$8+Normalization!F5*Assumptions!$D$9+Normalization!G5*Assumptions!$D$10+Normalization!H5*Assumptions!$D$11+Normalization!I5*Assumptions!$D$12+Normalization!J5*Assumptions!$D$13 | F5: =Normalization!D5*Assumptions!$E$7+Normalization!E5*Assumptions!$E$8+Normalization!F5*Assumptions!$E$9+Normalization!G5*Assumptions!$E$10+Normalization!H5*Assumptions!$E$11+Normalization!I5*Assumptions!$E$12+Normalization!J5*Assumptions!$E$13 | G5: =Normalization!D5*Assumptions!$F$7+Normalization!E5*Assumptions!$F$8+Normalization!F5*Assumptions!$F$9+Normalization!G5*Assumptions!$F$10+Normalization!H5*Assumptions!$F$11+Normalization!I5*Assumptions!$F$12+Normalization!J5*Assumptions!$F$13 | H5: =SUMPRODUCT(($C$2:$C$81=$C5)*($D$2:$D$81>$D5))+1 | I5: =SUMPRODUCT(($C$2:$C$81=$C5)*($E$2:$E$81>$E5))+1 | J5: =SUMPRODUCT(($C$2:$C$81=$C5)*($F$2:$F$81>$F5))+1 | K5: =SUMPRODUCT(($C$2:$C$81=$C5)*($G$2:$G$81>$G5))+1
A6: =Normalization!A6 | B6: =Normalization!B6 | C6: =Normalization!C6 | D6: =Normalization!D6*Assumptions!$C$7+Normalization!E6*Assumptions!$C$8+Normalization!F6*Assumptions!$C$9+Normalization!G6*Assumptions!$C$10+Normalization!H6*Assumptions!$C$11+Normalization!I6*Assumptions!$C$12+Normalization!J6*Assumptions!$C$13 | E6: =Normalization!D6*Assumptions!$D$7+Normalization!E6*Assumptions!$D$8+Normalization!F6*Assumptions!$D$9+Normalization!G6*Assumptions!$D$10+Normalization!H6*Assumptions!$D$11+Normalization!I6*Assumptions!$D$12+Normalization!J6*Assumptions!$D$13 | F6: =Normalization!D6*Assumptions!$E$7+Normalization!E6*Assumptions!$E$8+Normalization!F6*Assumptions!$E$9+Normalization!G6*Assumptions!$E$10+Normalization!H6*Assumptions!$E$11+Normalization!I6*Assumptions!$E$12+Normalization!J6*Assumptions!$E$13 | G6: =Normalization!D6*Assumptions!$F$7+Normalization!E6*Assumptions!$F$8+Normalization!F6*Assumptions!$F$9+Normalization!G6*Assumptions!$F$10+Normalization!H6*Assumptions!$F$11+Normalization!I6*Assumptions!$F$12+Normalization!J6*Assumptions!$F$13 | H6: =SUMPRODUCT(($C$2:$C$81=$C6)*($D$2:$D$81>$D6))+1 | I6: =SUMPRODUCT(($C$2:$C$81=$C6)*($E$2:$E$81>$E6))+1 | J6: =SUMPRODUCT(($C$2:$C$81=$C6)*($F$2:$F$81>$F6))+1 | K6: =SUMPRODUCT(($C$2:$C$81=$C6)*($G$2:$G$81>$G6))+1
A7: =Normalization!A7 | B7: =Normalization!B7 | C7: =Normalization!C7 | D7: =Normalization!D7*Assumptions!$C$7+Normalization!E7*Assumptions!$C$8+Normalization!F7*Assumptions!$C$9+Normalization!G7*Assumptions!$C$10+Normalization!H7*Assumptions!$C$11+Normalization!I7*Assumptions!$C$12+Normalization!J7*Assumptions!$C$13 | E7: =Normalization!D7*Assumptions!$D$7+Normalization!E7*Assumptions!$D$8+Normalization!F7*Assumptions!$D$9+Normalization!G7*Assumptions!$D$10+Normalization!H7*Assumptions!$D$11+Normalization!I7*Assumptions!$D$12+Normalization!J7*Assumptions!$D$13 | F7: =Normalization!D7*Assumptions!$E$7+Normalization!E7*Assumptions!$E$8+Normalization!F7*Assumptions!$E$9+Normalization!G7*Assumptions!$E$10+Normalization!H7*Assumptions!$E$11+Normalization!I7*Assumptions!$E$12+Normalization!J7*Assumptions!$E$13 | G7: =Normalization!D7*Assumptions!$F$7+Normalization!E7*Assumptions!$F$8+Normalization!F7*Assumptions!$F$9+Normalization!G7*Assumptions!$F$10+Normalization!H7*Assumptions!$F$11+Normalization!I7*Assumptions!$F$12+Normalization!J7*Assumptions!$F$13 | H7: =SUMPRODUCT(($C$2:$C$81=$C7)*($D$2:$D$81>$D7))+1 | I7: =SUMPRODUCT(($C$2:$C$81=$C7)*($E$2:$E$81>$E7))+1 | J7: =SUMPRODUCT(($C$2:$C$81=$C7)*($F$2:$F$81>$F7))+1 | K7: =SUMPRODUCT(($C$2:$C$81=$C7)*($G$2:$G$81>$G7))+1
A8: =Normalization!A8 | B8: =Normalization!B8 | C8: =Normalization!C8 | D8: =Normalization!D8*Assumptions!$C$7+Normalization!E8*Assumptions!$C$8+Normalization!F8*Assumptions!$C$9+Normalization!G8*Assumptions!$C$10+Normalization!H8*Assumptions!$C$11+Normalization!I8*Assumptions!$C$12+Normalization!J8*Assumptions!$C$13 | E8: =Normalization!D8*Assumptions!$D$7+Normalization!E8*Assumptions!$D$8+Normalization!F8*Assumptions!$D$9+Normalization!G8*Assumptions!$D$10+Normalization!H8*Assumptions!$D$11+Normalization!I8*Assumptions!$D$12+Normalization!J8*Assumptions!$D$13 | F8: =Normalization!D8*Assumptions!$E$7+Normalization!E8*Assumptions!$E$8+Normalization!F8*Assumptions!$E$9+Normalization!G8*Assumptions!$E$10+Normalization!H8*Assumptions!$E$11+Normalization!I8*Assumptions!$E$12+Normalization!J8*Assumptions!$E$13 | G8: =Normalization!D8*Assumptions!$F$7+Normalization!E8*Assumptions!$F$8+Normalization!F8*Assumptions!$F$9+Normalization!G8*Assumptions!$F$10+Normalization!H8*Assumptions!$F$11+Normalization!I8*Assumptions!$F$12+Normalization!J8*Assumptions!$F$13 | H8: =SUMPRODUCT(($C$2:$C$81=$C8)*($D$2:$D$81>$D8))+1 | I8: =SUMPRODUCT(($C$2:$C$81=$C8)*($E$2:$E$81>$E8))+1 | J8: =SUMPRODUCT(($C$2:$C$81=$C8)*($F$2:$F$81>$F8))+1 | K8: =SUMPRODUCT(($C$2:$C$81=$C8)*($G$2:$G$81>$G8))+1
A9: =Normalization!A9 | B9: =Normalization!B9 | C9: =Normalization!C9 | D9: =Normalization!D9*Assumptions!$C$7+Normalization!E9*Assumptions!$C$8+Normalization!F9*Assumptions!$C$9+Normalization!G9*Assumptions!$C$10+Normalization!H9*Assumptions!$C$11+Normalization!I9*Assumptions!$C$12+Normalization!J9*Assumptions!$C$13 | E9: =Normalization!D9*Assumptions!$D$7+Normalization!E9*Assumptions!$D$8+Normalization!F9*Assumptions!$D$9+Normalization!G9*Assumptions!$D$10+Normalization!H9*Assumptions!$D$11+Normalization!I9*Assumptions!$D$12+Normalization!J9*Assumptions!$D$13 | F9: =Normalization!D9*Assumptions!$E$7+Normalization!E9*Assumptions!$E$8+Normalization!F9*Assumptions!$E$9+Normalization!G9*Assumptions!$E$10+Normalization!H9*Assumptions!$E$11+Normalization!I9*Assumptions!$E$12+Normalization!J9*Assumptions!$E$13 | G9: =Normalization!D9*Assumptions!$F$7+Normalization!E9*Assumptions!$F$8+Normalization!F9*Assumptions!$F$9+Normalization!G9*Assumptions!$F$10+Normalization!H9*Assumptions!$F$11+Normalization!I9*Assumptions!$F$12+Normalization!J9*Assumptions!$F$13 | H9: =SUMPRODUCT(($C$2:$C$81=$C9)*($D$2:$D$81>$D9))+1 | I9: =SUMPRODUCT(($C$2:$C$81=$C9)*($E$2:$E$81>$E9))+1 | J9: =SUMPRODUCT(($C$2:$C$81=$C9)*($F$2:$F$81>$F9))+1 | K9: =SUMPRODUCT(($C$2:$C$81=$C9)*($G$2:$G$81>$G9))+1
A10: =Normalization!A10 | B10: =Normalization!B10 | C10: =Normalization!C10 | D10: =Normalization!D10*Assumptions!$C$7+Normalization!E10*Assumptions!$C$8+Normalization!F10*Assumptions!$C$9+Normalization!G10*Assumptions!$C$10+Normalization!H10*Assumptions!$C$11+Normalization!I10*Assumptions!$C$12+Normalization!J10*Assumptions!$C$13 | E10: =Normalization!D10*Assumptions!$D$7+Normalization!E10*Assumptions!$D$8+Normalization!F10*Assumptions!$D$9+Normalization!G10*Assumptions!$D$10+Normalization!H10*Assumptions!$D$11+Normalization!I10*Assumptions!$D$12+Normalization!J10*Assumptions!$D$13 | F10: =Normalization!D10*Assumptions!$E$7+Normalization!E10*Assumptions!$E$8+Normalization!F10*Assumptions!$E$9+Normalization!G10*Assumptions!$E$10+Normalization!H10*Assumptions!$E$11+Normalization!I10*Assumptions!$E$12+Normalization!J10*Assumptions!$E$13 | G10: =Normalization!D10*Assumptions!$F$7+Normalization!E10*Assumptions!$F$8+Normalization!F10*Assumptions!$F$9+Normalization!G10*Assumptions!$F$10+Normalization!H10*Assumptions!$F$11+Normalization!I10*Assumptions!$F$12+Normalization!J10*Assumptions!$F$13 | H10: =SUMPRODUCT(($C$2:$C$81=$C10)*($D$2:$D$81>$D10))+1 | I10: =SUMPRODUCT(($C$2:$C$81=$C10)*($E$2:$E$81>$E10))+1 | J10: =SUMPRODUCT(($C$2:$C$81=$C10)*($F$2:$F$81>$F10))+1 | K10: =SUMPRODUCT(($C$2:$C$81=$C10)*($G$2:$G$81>$G10))+1
A11: =Normalization!A11 | B11: =Normalization!B11 | C11: =Normalization!C11 | D11: =Normalization!D11*Assumptions!$C$7+Normalization!E11*Assumptions!$C$8+Normalization!F11*Assumptions!$C$9+Normalization!G11*Assumptions!$C$10+Normalization!H11*Assumptions!$C$11+Normalization!I11*Assumptions!$C$12+Normalization!J11*Assumptions!$C$13 | E11: =Normalization!D11*Assumptions!$D$7+Normalization!E11*Assumptions!$D$8+Normalization!F11*Assumptions!$D$9+Normalization!G11*Assumptions!$D$10+Normalization!H11*Assumptions!$D$11+Normalization!I11*Assumptions!$D$12+Normalization!J11*Assumptions!$D$13 | F11: =Normalization!D11*Assumptions!$E$7+Normalization!E11*Assumptions!$E$8+Normalization!F11*Assumptions!$E$9+Normalization!G11*Assumptions!$E$10+Normalization!H11*Assumptions!$E$11+Normalization!I11*Assumptions!$E$12+Normalization!J11*Assumptions!$E$13 | G11: =Normalization!D11*Assumptions!$F$7+Normalization!E11*Assumptions!$F$8+Normalization!F11*Assumptions!$F$9+Normalization!G11*Assumptions!$F$10+Normalization!H11*Assumptions!$F$11+Normalization!I11*Assumptions!$F$12+Normalization!J11*Assumptions!$F$13 | H11: =SUMPRODUCT(($C$2:$C$81=$C11)*($D$2:$D$81>$D11))+1 | I11: =SUMPRODUCT(($C$2:$C$81=$C11)*($E$2:$E$81>$E11))+1 | J11: =SUMPRODUCT(($C$2:$C$81=$C11)*($F$2:$F$81>$F11))+1 | K11: =SUMPRODUCT(($C$2:$C$81=$C11)*($G$2:$G$81>$G11))+1
A12: =Normalization!A12 | B12: =Normalization!B12 | C12: =Normalization!C12 | D12: =Normalization!D12*Assumptions!$C$7+Normalization!E12*Assumptions!$C$8+Normalization!F12*Assumptions!$C$9+Normalization!G12*Assumptions!$C$10+Normalization!H12*Assumptions!$C$11+Normalization!I12*Assumptions!$C$12+Normalization!J12*Assumptions!$C$13 | E12: =Normalization!D12*Assumptions!$D$7+Normalization!E12*Assumptions!$D$8+Normalization!F12*Assumptions!$D$9+Normalization!G12*Assumptions!$D$10+Normalization!H12*Assumptions!$D$11+Normalization!I12*Assumptions!$D$12+Normalization!J12*Assumptions!$D$13 | F12: =Normalization!D12*Assumptions!$E$7+Normalization!E12*Assumptions!$E$8+Normalization!F12*Assumptions!$E$9+Normalization!G12*Assumptions!$E$10+Normalization!H12*Assumptions!$E$11+Normalization!I12*Assumptions!$E$12+Normalization!J12*Assumptions!$E$13 | G12: =Normalization!D12*Assumptions!$F$7+Normalization!E12*Assumptions!$F$8+Normalization!F12*Assumptions!$F$9+Normalization!G12*Assumptions!$F$10+Normalization!H12*Assumptions!$F$11+Normalization!I12*Assumptions!$F$12+Normalization!J12*Assumptions!$F$13 | H12: =SUMPRODUCT(($C$2:$C$81=$C12)*($D$2:$D$81>$D12))+1 | I12: =SUMPRODUCT(($C$2:$C$81=$C12)*($E$2:$E$81>$E12))+1 | J12: =SUMPRODUCT(($C$2:$C$81=$C12)*($F$2:$F$81>$F12))+1 | K12: =SUMPRODUCT(($C$2:$C$81=$C12)*($G$2:$G$81>$G12))+1
A13: =Normalization!A13 | B13: =Normalization!B13 | C13: =Normalization!C13 | D13: =Normalization!D13*Assumptions!$C$7+Normalization!E13*Assumptions!$C$8+Normalization!F13*Assumptions!$C$9+Normalization!G13*Assumptions!$C$10+Normalization!H13*Assumptions!$C$11+Normalization!I13*Assumptions!$C$12+Normalization!J13*Assumptions!$C$13 | E13: =Normalization!D13*Assumptions!$D$7+Normalization!E13*Assumptions!$D$8+Normalization!F13*Assumptions!$D$9+Normalization!G13*Assumptions!$D$10+Normalization!H13*Assumptions!$D$11+Normalization!I13*Assumptions!$D$12+Normalization!J13*Assumptions!$D$13 | F13: =Normalization!D13*Assumptions!$E$7+Normalization!E13*Assumptions!$E$8+Normalization!F13*Assumptions!$E$9+Normalization!G13*Assumptions!$E$10+Normalization!H13*Assumptions!$E$11+Normalization!I13*Assumptions!$E$12+Normalization!J13*Assumptions!$E$13 | G13: =Normalization!D13*Assumptions!$F$7+Normalization!E13*Assumptions!$F$8+Normalization!F13*Assumptions!$F$9+Normalization!G13*Assumptions!$F$10+Normalization!H13*Assumptions!$F$11+Normalization!I13*Assumptions!$F$12+Normalization!J13*Assumptions!$F$13 | H13: =SUMPRODUCT(($C$2:$C$81=$C13)*($D$2:$D$81>$D13))+1 | I13: =SUMPRODUCT(($C$2:$C$81=$C13)*($E$2:$E$81>$E13))+1 | J13: =SUMPRODUCT(($C$2:$C$81=$C13)*($F$2:$F$81>$F13))+1 | K13: =SUMPRODUCT(($C$2:$C$81=$C13)*($G$2:$G$81>$G13))+1
... A81: =Normalization!A81 | B81: =Normalization!B81 | C81: =Normalization!C81 | D81: =Normalization!D81*Assumptions!$C$7+Normalization!E81*Assumptions!$C$8+Normalization!F81*Assumptions!$C$9+Normalization!G81*Assumptions!$C$10+Normalization!H81*Assumptions!$C$11+Normalization!I81*Assumptions!$C$12+Normalization!J81*Assumptions!$C$13 | E81: =Normalization!D81*Assumptions!$D$7+Normalization!E81*Assumptions!$D$8+Normalization!F81*Assumptions!$D$9+Normalization!G81*Assumptions!$D$10+Normalization!H81*Assumptions!$D$11+Normalization!I81*Assumptions!$D$12+Normalization!J81*Assumptions!$D$13 | F81: =Normalization!D81*Assumptions!$E$7+Normalization!E81*Assumptions!$E$8+Normalization!F81*Assumptions!$E$9+Normalization!G81*Assumptions!$E$10+Normalization!H81*Assumptions!$E$11+Normalization!I81*Assumptions!$E$12+Normalization!J81*Assumptions!$E$13 | G81: =Normalization!D81*Assumptions!$F$7+Normalization!E81*Assumptions!$F$8+Normalization!F81*Assumptions!$F$9+Normalization!G81*Assumptions!$F$10+Normalization!H81*Assumptions!$F$11+Normalization!I81*Assumptions!$F$12+Normalization!J81*Assumptions!$F$13 | H81: =SUMPRODUCT(($C$2:$C$81=$C81)*($D$2:$D$81>$D81))+1 | I81: =SUMPRODUCT(($C$2:$C$81=$C81)*($E$2:$E$81>$E81))+1 | J81: =SUMPRODUCT(($C$2:$C$81=$C81)*($F$2:$F$81>$F81))+1 | K81: =SUMPRODUCT(($C$2:$C$81=$C81)*($G$2:$G$81>$G81))+1
A83: Illustrative dataset constructed to be directionally consistent with publicly reported industry estimates. Figures are for methodology demonstration and are not market research.

Sheet Ranking
A1: Ranking and recommendation
A2: Illustrative dataset constructed to be directionally consistent with publicly reported industry estimates. Figures are for methodology demonstration and are not market research.
A4: Model year (input - change it to re-rank any year 2021-2030) | D4: 2030
A6: segment_id | B6: segment_name | C6: Score in model year | D6: Rank in model year | E6: Forward mean score | F6: Recommendation | G6: Rank - Base (house view) | H6: Rank - Growth-weighted | I6: Rank - Feasibility-weighted | J6: Rank - Fit-weighted | K6: Max rank swing vs house view
A7: ANLG | B7: =VLOOKUP($A7,'Raw Data'!$A$2:$B$81,2,FALSE) | C7: =SUMIFS('Scoring Model'!$K$2:$K$81,'Scoring Model'!$A$2:$A$81,$A7,'Scoring Model'!$C$2:$C$81,$D$4) | D7: =SUMIFS('Scoring Model'!$L$2:$L$81,'Scoring Model'!$A$2:$A$81,$A7,'Scoring Model'!$C$2:$C$81,$D$4) | E7: =AVERAGEIFS('Scoring Model'!$K$2:$K$81,'Scoring Model'!$A$2:$A$81,$A7,'Scoring Model'!$C$2:$C$81,">="&Assumptions!$C$19,'Scoring Model'!$C$2:$C$81,"<="&Assumptions!$C$20) | F7: =IF($E7>=Assumptions!$C$17,"Prioritize",IF($E7>=Assumptions!$C$18,"Selective","Deprioritize")) | G7: =SUMIFS(Sensitivity!$H$2:$H$81,Sensitivity!$A$2:$A$81,$A7,Sensitivity!$C$2:$C$81,$D$4) | H7: =SUMIFS(Sensitivity!$I$2:$I$81,Sensitivity!$A$2:$A$81,$A7,Sensitivity!$C$2:$C$81,$D$4) | I7: =SUMIFS(Sensitivity!$J$2:$J$81,Sensitivity!$A$2:$A$81,$A7,Sensitivity!$C$2:$C$81,$D$4) | J7: =SUMIFS(Sensitivity!$K$2:$K$81,Sensitivity!$A$2:$A$81,$A7,Sensitivity!$C$2:$C$81,$D$4) | K7: =MAX(ABS($G7-H7),ABS($G7-I7),ABS($G7-J7))
A8: AUTO | B8: =VLOOKUP($A8,'Raw Data'!$A$2:$B$81,2,FALSE) | C8: =SUMIFS('Scoring Model'!$K$2:$K$81,'Scoring Model'!$A$2:$A$81,$A8,'Scoring Model'!$C$2:$C$81,$D$4) | D8: =SUMIFS('Scoring Model'!$L$2:$L$81,'Scoring Model'!$A$2:$A$81,$A8,'Scoring Model'!$C$2:$C$81,$D$4) | E8: =AVERAGEIFS('Scoring Model'!$K$2:$K$81,'Scoring Model'!$A$2:$A$81,$A8,'Scoring Model'!$C$2:$C$81,">="&Assumptions!$C$19,'Scoring Model'!$C$2:$C$81,"<="&Assumptions!$C$20) | F8: =IF($E8>=Assumptions!$C$17,"Prioritize",IF($E8>=Assumptions!$C$18,"Selective","Deprioritize")) | G8: =SUMIFS(Sensitivity!$H$2:$H$81,Sensitivity!$A$2:$A$81,$A8,Sensitivity!$C$2:$C$81,$D$4) | H8: =SUMIFS(Sensitivity!$I$2:$I$81,Sensitivity!$A$2:$A$81,$A8,Sensitivity!$C$2:$C$81,$D$4) | I8: =SUMIFS(Sensitivity!$J$2:$J$81,Sensitivity!$A$2:$A$81,$A8,Sensitivity!$C$2:$C$81,$D$4) | J8: =SUMIFS(Sensitivity!$K$2:$K$81,Sensitivity!$A$2:$A$81,$A8,Sensitivity!$C$2:$C$81,$D$4) | K8: =MAX(ABS($G8-H8),ABS($G8-I8),ABS($G8-J8))
A9: HPC | B9: =VLOOKUP($A9,'Raw Data'!$A$2:$B$81,2,FALSE) | C9: =SUMIFS('Scoring Model'!$K$2:$K$81,'Scoring Model'!$A$2:$A$81,$A9,'Scoring Model'!$C$2:$C$81,$D$4) | D9: =SUMIFS('Scoring Model'!$L$2:$L$81,'Scoring Model'!$A$2:$A$81,$A9,'Scoring Model'!$C$2:$C$81,$D$4) | E9: =AVERAGEIFS('Scoring Model'!$K$2:$K$81,'Scoring Model'!$A$2:$A$81,$A9,'Scoring Model'!$C$2:$C$81,">="&Assumptions!$C$19,'Scoring Model'!$C$2:$C$81,"<="&Assumptions!$C$20) | F9: =IF($E9>=Assumptions!$C$17,"Prioritize",IF($E9>=Assumptions!$C$18,"Selective","Deprioritize")) | G9: =SUMIFS(Sensitivity!$H$2:$H$81,Sensitivity!$A$2:$A$81,$A9,Sensitivity!$C$2:$C$81,$D$4) | H9: =SUMIFS(Sensitivity!$I$2:$I$81,Sensitivity!$A$2:$A$81,$A9,Sensitivity!$C$2:$C$81,$D$4) | I9: =SUMIFS(Sensitivity!$J$2:$J$81,Sensitivity!$A$2:$A$81,$A9,Sensitivity!$C$2:$C$81,$D$4) | J9: =SUMIFS(Sensitivity!$K$2:$K$81,Sensitivity!$A$2:$A$81,$A9,Sensitivity!$C$2:$C$81,$D$4) | K9: =MAX(ABS($G9-H9),ABS($G9-I9),ABS($G9-J9))
A10: MEM | B10: =VLOOKUP($A10,'Raw Data'!$A$2:$B$81,2,FALSE) | C10: =SUMIFS('Scoring Model'!$K$2:$K$81,'Scoring Model'!$A$2:$A$81,$A10,'Scoring Model'!$C$2:$C$81,$D$4) | D10: =SUMIFS('Scoring Model'!$L$2:$L$81,'Scoring Model'!$A$2:$A$81,$A10,'Scoring Model'!$C$2:$C$81,$D$4) | E10: =AVERAGEIFS('Scoring Model'!$K$2:$K$81,'Scoring Model'!$A$2:$A$81,$A10,'Scoring Model'!$C$2:$C$81,">="&Assumptions!$C$19,'Scoring Model'!$C$2:$C$81,"<="&Assumptions!$C$20) | F10: =IF($E10>=Assumptions!$C$17,"Prioritize",IF($E10>=Assumptions!$C$18,"Selective","Deprioritize")) | G10: =SUMIFS(Sensitivity!$H$2:$H$81,Sensitivity!$A$2:$A$81,$A10,Sensitivity!$C$2:$C$81,$D$4) | H10: =SUMIFS(Sensitivity!$I$2:$I$81,Sensitivity!$A$2:$A$81,$A10,Sensitivity!$C$2:$C$81,$D$4) | I10: =SUMIFS(Sensitivity!$J$2:$J$81,Sensitivity!$A$2:$A$81,$A10,Sensitivity!$C$2:$C$81,$D$4) | J10: =SUMIFS(Sensitivity!$K$2:$K$81,Sensitivity!$A$2:$A$81,$A10,Sensitivity!$C$2:$C$81,$D$4) | K10: =MAX(ABS($G10-H10),ABS($G10-I10),ABS($G10-J10))
A11: MEMS | B11: =VLOOKUP($A11,'Raw Data'!$A$2:$B$81,2,FALSE) | C11: =SUMIFS('Scoring Model'!$K$2:$K$81,'Scoring Model'!$A$2:$A$81,$A11,'Scoring Model'!$C$2:$C$81,$D$4) | D11: =SUMIFS('Scoring Model'!$L$2:$L$81,'Scoring Model'!$A$2:$A$81,$A11,'Scoring Model'!$C$2:$C$81,$D$4) | E11: =AVERAGEIFS('Scoring Model'!$K$2:$K$81,'Scoring Model'!$A$2:$A$81,$A11,'Scoring Model'!$C$2:$C$81,">="&Assumptions!$C$19,'Scoring Model'!$C$2:$C$81,"<="&Assumptions!$C$20) | F11: =IF($E11>=Assumptions!$C$17,"Prioritize",IF($E11>=Assumptions!$C$18,"Selective","Deprioritize")) | G11: =SUMIFS(Sensitivity!$H$2:$H$81,Sensitivity!$A$2:$A$81,$A11,Sensitivity!$C$2:$C$81,$D$4) | H11: =SUMIFS(Sensitivity!$I$2:$I$81,Sensitivity!$A$2:$A$81,$A11,Sensitivity!$C$2:$C$81,$D$4) | I11: =SUMIFS(Sensitivity!$J$2:$J$81,Sensitivity!$A$2:$A$81,$A11,Sensitivity!$C$2:$C$81,$D$4) | J11: =SUMIFS(Sensitivity!$K$2:$K$81,Sensitivity!$A$2:$A$81,$A11,Sensitivity!$C$2:$C$81,$D$4) | K11: =MAX(ABS($G11-H11),ABS($G11-I11),ABS($G11-J11))
A12: PHOT | B12: =VLOOKUP($A12,'Raw Data'!$A$2:$B$81,2,FALSE) | C12: =SUMIFS('Scoring Model'!$K$2:$K$81,'Scoring Model'!$A$2:$A$81,$A12,'Scoring Model'!$C$2:$C$81,$D$4) | D12: =SUMIFS('Scoring Model'!$L$2:$L$81,'Scoring Model'!$A$2:$A$81,$A12,'Scoring Model'!$C$2:$C$81,$D$4) | E12: =AVERAGEIFS('Scoring Model'!$K$2:$K$81,'Scoring Model'!$A$2:$A$81,$A12,'Scoring Model'!$C$2:$C$81,">="&Assumptions!$C$19,'Scoring Model'!$C$2:$C$81,"<="&Assumptions!$C$20) | F12: =IF($E12>=Assumptions!$C$17,"Prioritize",IF($E12>=Assumptions!$C$18,"Selective","Deprioritize")) | G12: =SUMIFS(Sensitivity!$H$2:$H$81,Sensitivity!$A$2:$A$81,$A12,Sensitivity!$C$2:$C$81,$D$4) | H12: =SUMIFS(Sensitivity!$I$2:$I$81,Sensitivity!$A$2:$A$81,$A12,Sensitivity!$C$2:$C$81,$D$4) | I12: =SUMIFS(Sensitivity!$J$2:$J$81,Sensitivity!$A$2:$A$81,$A12,Sensitivity!$C$2:$C$81,$D$4) | J12: =SUMIFS(Sensitivity!$K$2:$K$81,Sensitivity!$A$2:$A$81,$A12,Sensitivity!$C$2:$C$81,$D$4) | K12: =MAX(ABS($G12-H12),ABS($G12-I12),ABS($G12-J12))
A13: PWR | B13: =VLOOKUP($A13,'Raw Data'!$A$2:$B$81,2,FALSE) | C13: =SUMIFS('Scoring Model'!$K$2:$K$81,'Scoring Model'!$A$2:$A$81,$A13,'Scoring Model'!$C$2:$C$81,$D$4) | D13: =SUMIFS('Scoring Model'!$L$2:$L$81,'Scoring Model'!$A$2:$A$81,$A13,'Scoring Model'!$C$2:$C$81,$D$4) | E13: =AVERAGEIFS('Scoring Model'!$K$2:$K$81,'Scoring Model'!$A$2:$A$81,$A13,'Scoring Model'!$C$2:$C$81,">="&Assumptions!$C$19,'Scoring Model'!$C$2:$C$81,"<="&Assumptions!$C$20) | F13: =IF($E13>=Assumptions!$C$17,"Prioritize",IF($E13>=Assumptions!$C$18,"Selective","Deprioritize")) | G13: =SUMIFS(Sensitivity!$H$2:$H$81,Sensitivity!$A$2:$A$81,$A13,Sensitivity!$C$2:$C$81,$D$4) | H13: =SUMIFS(Sensitivity!$I$2:$I$81,Sensitivity!$A$2:$A$81,$A13,Sensitivity!$C$2:$C$81,$D$4) | I13: =SUMIFS(Sensitivity!$J$2:$J$81,Sensitivity!$A$2:$A$81,$A13,Sensitivity!$C$2:$C$81,$D$4) | J13: =SUMIFS(Sensitivity!$K$2:$K$81,Sensitivity!$A$2:$A$81,$A13,Sensitivity!$C$2:$C$81,$D$4) | K13: =MAX(ABS($G13-H13),ABS($G13-I13),ABS($G13-J13))
A14: RF5G | B14: =VLOOKUP($A14,'Raw Data'!$A$2:$B$81,2,FALSE) | C14: =SUMIFS('Scoring Model'!$K$2:$K$81,'Scoring Model'!$A$2:$A$81,$A14,'Scoring Model'!$C$2:$C$81,$D$4) | D14: =SUMIFS('Scoring Model'!$L$2:$L$81,'Scoring Model'!$A$2:$A$81,$A14,'Scoring Model'!$C$2:$C$81,$D$4) | E14: =AVERAGEIFS('Scoring Model'!$K$2:$K$81,'Scoring Model'!$A$2:$A$81,$A14,'Scoring Model'!$C$2:$C$81,">="&Assumptions!$C$19,'Scoring Model'!$C$2:$C$81,"<="&Assumptions!$C$20) | F14: =IF($E14>=Assumptions!$C$17,"Prioritize",IF($E14>=Assumptions!$C$18,"Selective","Deprioritize")) | G14: =SUMIFS(Sensitivity!$H$2:$H$81,Sensitivity!$A$2:$A$81,$A14,Sensitivity!$C$2:$C$81,$D$4) | H14: =SUMIFS(Sensitivity!$I$2:$I$81,Sensitivity!$A$2:$A$81,$A14,Sensitivity!$C$2:$C$81,$D$4) | I14: =SUMIFS(Sensitivity!$J$2:$J$81,Sensitivity!$A$2:$A$81,$A14,Sensitivity!$C$2:$C$81,$D$4) | J14: =SUMIFS(Sensitivity!$K$2:$K$81,Sensitivity!$A$2:$A$81,$A14,Sensitivity!$C$2:$C$81,$D$4) | K14: =MAX(ABS($G14-H14),ABS($G14-I14),ABS($G14-J14))
A16: Reading this sheet: a segment whose rank barely moves across the four profile columns is ranked by the data. One that swings two or more places is ranked by the weights, and the recommendation for it should be argued on its own merits rather than on the score.
A18: Illustrative dataset constructed to be directionally consistent with publicly reported industry estimates. Figures are for methodology demonstration and are not market research.

Sheet Assumptions
A1: Opportunity scoring model - assumptions and inputs
A2: Illustrative dataset constructed to be directionally consistent with publicly reported industry estimates. Figures are for methodology demonstration and are not market research.
A4: Weights (yellow cells are inputs - edit these and every sheet recalculates)
A6: Factor | B6: Direction | C6: Base (house view) | D6: Growth-weighted | E6: Feasibility-weighted | F6: Fit-weighted
A7: Serviceable market size | B7: Higher is better | C7: 0.2 | D7: 0.2 | E7: 0.1 | F7: 0.1
A8: CAGR | B8: Higher is better | C8: 0.2 | D8: 0.35 | E8: 0.1 | F8: 0.1
A9: Design-services addressability | B9: Higher is better | C9: 0.15 | D9: 0.1 | E9: 0.15 | F9: 0.2
A10: Strategic fit | B10: Higher is better | C10: 0.15 | D10: 0.1 | E10: 0.1 | F10: 0.35
A11: Customer demand | B11: Higher is better | C11: 0.1 | D11: 0.1 | E11: 0.1 | F11: 0.1
A12: Competitive intensity | B12: Inverted (crowded is worse) | C12: 0.1 | D12: 0.05 | E12: 0.15 | F12: 0.05
A13: Entry feasibility | B13: Higher is better | C13: 0.1 | D13: 0.1 | E13: 0.3 | F13: 0.1
A14: Total | C14: =SUM(C7:C13) | D14: =SUM(D7:D13) | E14: =SUM(E7:E13) | F14: =SUM(F7:F13) | G14: =IF(SUMPRODUCT(--(ROUND(C14:F14,6)<>1))=0,"All profiles sum to 100%","CHECK: a profile no longer sums to 100%")
A16: Recommendation bands and window
A17: Prioritize if forward mean score is at least | C17: 60
A18: Selective if forward mean score is at least | C18: 45
A19: Forward window - first year | C19: 2026
A20: Forward window - last year | C20: 2030
A23: Method
A24: 1. Serviceable market = TAM x design-services addressable share. The model scores on serviceable market, never on raw TAM.
A25: 2. Every factor is min-max normalized to 0-100 across the eight segments within each year, so a score states relative standing in that year.
A26: 3. Competitive intensity is inverted after normalization, so a high contribution means an uncrowded segment.
A27: 4. Score = sum of normalized factor x weight. Weights live only in the yellow block above and in config/weights.yaml.
A28: 5. The recommendation band is applied to the mean score over the forward window, not to a single year.
A29: 6. The grid sheets carry 80 segment-year rows (8 segments x 10 years, 2021-2030).
